Workbook

Sheet Data collection
A1: Date | B1: Open | C1: High | D1: Low | E1: Close | F1: Adj Close (MSFT) | G1: Volume | J1: Date | K1: Open | L1: High | M1: Low | N1: Close | O1: Adj Close (AAPL) | P1: Volume | S1: Date | T1: Open | U1: High | V1: Low | W1: Close | X1: Adj Close (^GSPC) | Y1: Volume
A2: Mar 9, 2026 | B2: 404.92 | C2: 410.21 | D2: 403.50 | E2: 409.41 | F2: 409.41 | G2: 30,073,800 | J2: Mar 9, 2026 | K2: 255.69 | L2: 261.15 | M2: 253.68 | N2: 259.88 | O2: 259.88 | P2: 38,153,500 | S2: Mar 9, 2026 | T2: 6,699.80 | U2: 6,810.44 | V2: 6,636.04 | W2: 6,795.99 | X2: 6,795.99 | Y2: 6,709,410,000
A3: Mar 2, 2026 | B3: 392.86 | C3: 413.05 | D3: 390.63 | E3: 408.96 | F3: 408.96 | G3: 179,607,300 | J3: Mar 2, 2026 | K3: 262.41 | L3: 266.53 | M3: 254.37 | N3: 257.46 | O3: 257.46 | P3: 210,978,500 | S3: Mar 2, 2026 | T3: 6,824.36 | U3: 6,901.01 | V3: 6,710.42 | W3: 6,740.02 | X3: 6,740.02 | Y3: 29,555,750,000
A4: Feb 23, 2026 | B4: 395.00 | C4: 407.49 | D4: 381.71 | E4: 392.74 | F4: 392.74 | G4: 206,521,600 | J4: Feb 23, 2026 | K4: 263.49 | L4: 276.11 | M4: 262.89 | N4: 264.18 | O4: 264.18 | P4: 222,748,700 | S4: Feb 23, 2026 | T4: 6,901.25 | U4: 6,952.51 | V4: 6,815.43 | W4: 6,878.88 | X4: 6,878.88 | Y4: 28,787,710,000
A5: Feb 16, 2026 | B5: 399.22 | C5: 404.43 | D5: 394.53 | E5: 397.23 | F5: 396.33 | G5: 117,551,400 | J5: Feb 16, 2026 | K5: 258.05 | L5: 266.82 | M5: 255.54 | N5: 264.58 | O5: 264.58 | P5: 165,588,200 | S5: Feb 16, 2026 | T5: 6,819.86 | U5: 6,915.86 | V5: 6,775.50 | W5: 6,909.51 | X5: 6,909.51 | Y5: 21,100,810,000
A6: Feb 9, 2026 | B6: 404.85 | C6: 423.68 | D6: 398.01 | E6: 401.32 | F6: 400.41 | G6: 207,723,400 | J6: Feb 9, 2026 | K6: 277.91 | L6: 280.18 | M6: 255.45 | N6: 255.78 | O6: 255.54 | P6: 268,299,500 | S6: Feb 9, 2026 | T6: 6,917.26 | U6: 6,993.48 | V6: 6,794.55 | W6: 6,836.17 | X6: 6,836.17 | Y6: 30,258,780,000
A7: Feb 2, 2026 | B7: 430.24 | C7: 430.74 | D7: 392.32 | E7: 401.14 | F7: 400.23 | G7: 268,460,900 | J7: Feb 2, 2026 | K7: 260.03 | L7: 280.91 | M7: 259.21 | N7: 278.12 | O7: 277.86 | P7: 332,284,600 | S7: Feb 2, 2026 | T7: 6,916.64 | U7: 6,993.08 | V7: 6,780.13 | W7: 6,932.30 | X7: 6,932.30 | Y7: 33,538,260,000
A8: Jan 26, 2026 | B8: 465.31 | C8: 483.74 | D8: 421.02 | E8: 430.29 | F8: 429.31 | G8: 282,802,600 | J8: Jan 26, 2026 | K8: 251.48 | L8: 261.95 | M8: 249.80 | N8: 259.48 | O8: 259.24 | P8: 306,601,900 | S8: Jan 26, 2026 | T8: 6,923.23 | U8: 7,002.28 | V8: 6,870.80 | W8: 6,939.03 | X8: 6,939.03 | Y8: 29,382,560,000
A9: Jan 19, 2026 | B9: 451.22 | C9: 471.10 | D9: 438.68 | E9: 465.95 | F9: 464.89 | G9: 127,460,100 | J9: Jan 19, 2026 | K9: 252.73 | L9: 254.79 | M9: 243.42 | N9: 248.04 | O9: 247.81 | P9: 216,306,500 | S9: Jan 19, 2026 | T9: 6,865.24 | U9: 6,934.75 | V9: 6,789.05 | W9: 6,915.61 | X9: 6,915.61 | Y9: 21,784,530,000
A10: Jan 12, 2026 | B10: 476.67 | C10: 480.99 | D10: 455.90 | E10: 459.86 | F10: 458.81 | G10: 137,722,500 | J10: Jan 12, 2026 | K10: 259.16 | L10: 261.82 | M10: 254.93 | N10: 255.53 | O10: 255.29 | P10: 242,545,400 | S10: Jan 12, 2026 | T10: 6,944.12 | U10: 6,986.33 | V10: 6,885.74 | W10: 6,940.01 | X10: 6,940.01 | Y10: 26,112,200,000
A11: Jan 5, 2026 | B11: 474.06 | C11: 489.70 | D11: 469.50 | E11: 479.28 | F11: 478.19 | G11: 110,505,800 | J11: Jan 5, 2026 | K11: 270.64 | L11: 271.51 | M11: 255.70 | N11: 259.37 | O11: 259.13 | P11: 236,725,400 | S11: Jan 5, 2026 | T11: 6,892.19 | U11: 6,978.36 | V11: 6,891.56 | W11: 6,966.28 | X11: 6,966.28 | Y11: 26,993,190,000
A12: Dec 29, 2025 | B12: 484.86 | C12: 489.68 | D12: 470.16 | E12: 472.94 | F12: 471.86 | G12: 66,011,100 | J12: Dec 29, 2025 | K12: 272.69 | L12: 277.84 | M12: 269.00 | N12: 271.01 | O12: 270.76 | P12: 110,986,500 | S12: Dec 29, 2025 | T12: 6,903.60 | U12: 6,920.21 | V12: 6,824.31 | W12: 6,858.47 | X12: 6,858.47 | Y12: 14,297,630,000
... A54: Mar 10, 2025 | B54: 385.84 | C54: 390.23 | D54: 376.91 | E54: 388.56 | F54: 385.61 | G54: 127,899,700 | J54: Mar 10, 2025 | K54: 235.54 | L54: 236.16 | M54: 208.42 | N54: 213.49 | O54: 212.56 | P54: 332,232,000 | S54: Mar 10, 2025 | T54: 5,705.37 | U54: 5,705.37 | V54: 5,504.65 | W54: 5,638.94 | X54: 5,638.94 | Y54: 27,732,600,000
A56: NasdaqGS - Nasdaq Real Time Price • USD | J56: NasdaqGS - Nasdaq Real Time Price • USD
A57: Microsoft Corporation (MSFT) | J57: Apple Inc. (AAPL)
A58: Is MSFT a long-term buy? | J58: Time to act on AAPL? | S58: SNP - Delayed Quote • USD
A59: 409.41 +0.45 (+0.11%) | J59: 259.88 +2.42 (+0.94%) | S59: S&P 500 (^GSPC)
A60: At close: 4:00:02 PM EDT | J60: At close: 4:00:03 PM EDT | S60: 6,795.99 +55.97 (+0.83%)
A61: 408.73 -0.68 (-0.17%) | J61: 259.31 -0.57 (-0.22%) | S61: At close: 4:49:39 PM EDT
A62: Pre-Market: 7:48:07 AM EDT | J62: Pre-Market: 7:49:20 AM EDT

Sheet Data preparation
A1: Date | B1: MSFT | C1: AAPL | D1: GSPC | F1: Arithmetic Weekly Return For MSFT | G1: Arithmetic Weekly Return For AAPL | H1: Arithmetic Weekly Return For GSPC | I1: Geometric Weekly Return for For MSFT | J1: Geometric Weekly Return for For AAPL | K1: Geometric Weekly Return for For GSPC
A2: 46090 | B2: 409.41 | C2: 259.88 | D2: 6,795.99 | F2: =B2/B3-1 -> 0.0011003521 | G2: =C2/C3-1 -> 0.0093995184 | H2: =D2/D3-1 -> 0.0083041297 | I2: =LN(B2/B3) -> 0.0010997472 | J2: =LN(C2/C3) -> 0.0093556178 | K2: =LN(D2/D3) -> 0.0082698401
A3: 46083 | B3: 408.96 | C3: 257.46 | D3: 6,740.02 | F3: =B3/B4-1 -> 0.041299588 | G3: =C3/C4-1 -> -0.025437202 | H3: =D3/D4-1 -> -0.020186426 | I3: =LN(B3/B4) -> 0.040469536 | J3: =LN(C3/C4) -> -0.025766321 | K3: =LN(D3/D4) -> -0.020392956
A4: 46076 | B4: 392.74 | C4: 264.18 | D4: 6,878.88 | F4: =B4/B5-1 -> -0.0090581081 | G4: =C4/C5-1 -> -0.0015118301 | H4: =D4/D5-1 -> -0.0044330206 | I4: =LN(B4/B5) -> -0.0090993822 | J4: =LN(C4/C5) -> -0.001512974 | K4: =LN(D4/D5) -> -0.0044428755
A5: 46069 | B5: 396.33 | C5: 264.58 | D5: 6,909.51 | F5: =B5/B6-1 -> -0.010189556 | G5: =C5/C6-1 -> 0.035376066 | H5: =D5/D6-1 -> 0.010728229 | I5: =LN(B5/B6) -> -0.010241825 | J5: =LN(C5/C6) -> 0.03476471 | K5: =LN(D5/D6) -> 0.01067109
A6: 46062 | B6: 400.41 | C6: 255.54 | D6: 6,836.17 | F6: =B6/B7-1 -> 0.0004497414 | G6: =C6/C7-1 -> -0.080328223 | H6: =D6/D7-1 -> -0.013866971 | I6: =LN(B6/B7) -> 0.0004496403 | J6: =LN(C6/C7) -> -0.083738437 | K6: =LN(D6/D7) -> -0.013964015
A7: 46055 | B7: 400.23 | C7: 277.86 | D7: 6,932.30 | F7: =B7/B8-1 -> -0.067736601 | G7: =C7/C8-1 -> 0.071825336 | H7: =D7/D8-1 -> -0.00096987619 | I7: =LN(B7/B8) -> -0.070139887 | J7: =LN(C7/C8) -> 0.069363116 | K7: =LN(D7/D8) -> -0.00097034683
A8: 46048 | B8: 429.31 | C8: 259.24 | D8: 6,939.03 | F8: =B8/B9-1 -> -0.076534234 | G8: =C8/C9-1 -> 0.046124047 | H8: =D8/D9-1 -> 0.0033865415 | I8: =LN(B8/B9) -> -0.07962155 | J8: =LN(C8/C9) -> 0.04509195 | K8: =LN(D8/D9) -> 0.00338082
A9: 46041 | B9: 464.89 | C9: 247.81 | D9: 6,915.61 | F9: =B9/B10-1 -> 0.013251673 | G9: =C9/C10-1 -> -0.029300012 | H9: =D9/D10-1 -> -0.0035158451 | I9: =LN(B9/B10) -> 0.013164637 | J9: =LN(C9/C10) -> -0.02973783 | K9: =LN(D9/D10) -> -0.0035220402
A10: 46034 | B10: 458.81 | C10: 255.29 | D10: 6,940.01 | F10: =B10/B11-1 -> -0.040527824 | G10: =C10/C11-1 -> -0.014818817 | H10: =D10/D11-1 -> -0.0037710227 | I10: =LN(B10/B11) -> -0.041371962 | J10: =LN(C10/C11) -> -0.014929712 | K10: =LN(D10/D11) -> -0.0037781509
A11: 46027 | B11: 478.19 | C11: 259.13 | D11: 6,966.28 | F11: =B11/B12-1 -> 0.013414996 | G11: =C11/C12-1 -> -0.042953169 | H11: =D11/D12-1 -> 0.015719249 | I11: =LN(B11/B12) -> 0.013325812 | J11: =LN(C11/C12) -> -0.043902953 | K11: =LN(D11/D12) -> 0.015596982
A12: 46020 | B12: 471.86 | C12: 270.76 | D12: 6,858.47 | F12: =B12/B13-1 -> -0.030291821 | G12: =C12/C13-1 -> -0.0087134803 | H12: =D12/D13-1 -> -0.010313221 | I12: =LN(B12/B13) -> -0.030760099 | J12: =LN(C12/C13) -> -0.0087516646 | K12: =LN(D12/D13) -> -0.01036677
A13: 46013 | B13: 486.60 | C13: 273.14 | D13: 6,929.94 | F13: =B13/B14-1 -> 0.0036921681 | G13: =C13/C14-1 -> -0.00098752789 | H13: =D13/D14-1 -> 0.013964445 | I13: =LN(B13/B14) -> 0.0036853687 | J13: =LN(C13/C14) -> -0.00098801582 | K13: =LN(D13/D14) -> 0.013867841
... A53: 45733 | B53: 388.29 | C53: 217.32 | D53: 5,667.56 | F53: =B53/B54-1 -> 0.0069500272 | G53: =C53/C54-1 -> 0.022393677 | H53: =D53/D54-1 -> 0.005075422 | I53: =LN(B53/B54) -> 0.0069259871 | J53: =LN(C53/C54) -> 0.02214662 | K53: =LN(D53/D54) -> 0.0050625854
A54: 45726 | B54: 385.61 | C54: 212.56 | D54: 5,638.94

Sheet Discriptive Statistics
A1: Date | B1: MSFT | C1: AAPL | F1: MSFT | G1: AAPL
A2: 46090 | B2: =VLOOKUP(A2,'Data preparation'!A:K,6,0) -> 0.0011003521 | C2: =VLOOKUP(A2,'Data preparation'!A:K,7,0) -> 0.0093995184 | E2: Max | F2: =MAX(B:B) -> 0.11083395 | G2: =MAX(C:C) -> 0.13322099
A3: 46083 | B3: =VLOOKUP(A3,'Data preparation'!A:K,6,0) -> 0.041299588 | C3: =VLOOKUP(A3,'Data preparation'!A:K,7,0) -> -0.025437202 | E3: Min | F3: =MIN(B:B) -> -0.076534234 | G3: =MIN(C:C) -> -0.135469
A4: 46076 | B4: =VLOOKUP(A4,'Data preparation'!A:K,6,0) -> -0.0090581081 | C4: =VLOOKUP(A4,'Data preparation'!A:K,7,0) -> -0.0015118301 | E4: Range | F4: =F2-F3 -> 0.18736819 | G4: =G2-G3 -> 0.26869
A5: 46069 | B5: =VLOOKUP(A5,'Data preparation'!A:K,6,0) -> -0.010189556 | C5: =VLOOKUP(A5,'Data preparation'!A:K,7,0) -> 0.035376066 | E5: Q3 | F5: =_xlfn.PERCENTILE.INC(B2:B54,0.75) -> 0.016699083 | G5: =_xlfn.PERCENTILE.INC(C2:C54,0.75) -> 0.028662596
A6: 46062 | B6: =VLOOKUP(A6,'Data preparation'!A:K,6,0) -> 0.0004497414 | C6: =VLOOKUP(A6,'Data preparation'!A:K,7,0) -> -0.080328223 | E6: Q1 | F6: =_xlfn.PERCENTILE.INC(B2:B54,0.25) -> -0.01239919 | G6: =_xlfn.PERCENTILE.INC(C2:C54,0.25) -> -0.015709333
A7: 46055 | B7: =VLOOKUP(A7,'Data preparation'!A:K,6,0) -> -0.067736601 | C7: =VLOOKUP(A7,'Data preparation'!A:K,7,0) -> 0.071825336 | E7: IQR | F7: =F5-F6 -> 0.029098274 | G7: =G5-G6 -> 0.044371929
A8: 46048 | B8: =VLOOKUP(A8,'Data preparation'!A:K,6,0) -> -0.076534234 | C8: =VLOOKUP(A8,'Data preparation'!A:K,7,0) -> 0.046124047 | E8: Mean | F8: =AVERAGE(B:B) -> 0.0017550373 | G8: =AVERAGE(C:C) -> 0.0047963452
A9: 46041 | B9: =VLOOKUP(A9,'Data preparation'!A:K,6,0) -> 0.013251673 | C9: =VLOOKUP(A9,'Data preparation'!A:K,7,0) -> -0.029300012 | E9: Mean Absolute Deviation | F9: =AVEDEV(B2:B54)*52/51 -> 0.025520066 | G9: =AVEDEV(C2:C54)*52/51 -> 0.032174982
A10: 46034 | B10: =VLOOKUP(A10,'Data preparation'!A:K,6,0) -> -0.040527824 | C10: =VLOOKUP(A10,'Data preparation'!A:K,7,0) -> -0.014818817 | E10: Sample Variance | F10: =_xlfn.VAR.S(B:B) -> 0.0012346983 | G10: =_xlfn.VAR.S(C:C) -> 0.0018699838
A11: 46027 | B11: =VLOOKUP(A11,'Data preparation'!A:K,6,0) -> 0.013414996 | C11: =VLOOKUP(A11,'Data preparation'!A:K,7,0) -> -0.042953169 | E11: Sample Standard Deviation | F11: =_xlfn.STDEV.S(B:B) -> 0.035138274 | G11: =_xlfn.STDEV.S(C:C) -> 0.043243309
A12: 46020 | B12: =VLOOKUP(A12,'Data preparation'!A:K,6,0) -> -0.030291821 | C12: =VLOOKUP(A12,'Data preparation'!A:K,7,0) -> -0.0087134803
A13: 46013 | B13: =VLOOKUP(A13,'Data preparation'!A:K,6,0) -> 0.0036921681 | C13: =VLOOKUP(A13,'Data preparation'!A:K,7,0) -> -0.00098752789
A14: 46006 | B14: =VLOOKUP(A14,'Data preparation'!A:K,6,0) -> 0.015436495 | C14: =VLOOKUP(A14,'Data preparation'!A:K,7,0) -> -0.016581541
A15: 45999 | B15: =VLOOKUP(A15,'Data preparation'!A:K,6,0) -> -0.0095838692 | C15: =VLOOKUP(A15,'Data preparation'!A:K,7,0) -> -0.0017952032
A16: 45992 | B16: =VLOOKUP(A16,'Data preparation'!A:K,6,0) -> -0.017987737 | C16: =VLOOKUP(A16,'Data preparation'!A:K,7,0) -> -0.0002512653
A17: 45985 | B17: =VLOOKUP(A17,'Data preparation'!A:K,6,0) -> 0.044091373 | C17: =VLOOKUP(A17,'Data preparation'!A:K,7,0) -> 0.027097773
A18: 45978 | B18: =VLOOKUP(A18,'Data preparation'!A:K,6,0) -> -0.074615703 | C18: =VLOOKUP(A18,'Data preparation'!A:K,7,0) -> -0.0023906727
A19: 45971 | B19: =VLOOKUP(A19,'Data preparation'!A:K,6,0) -> 0.026901932 | C19: =VLOOKUP(A19,'Data preparation'!A:K,7,0) -> 0.014666368
A20: 45964 | B20: =VLOOKUP(A20,'Data preparation'!A:K,6,0) -> -0.040549188 | C20: =VLOOKUP(A20,'Data preparation'!A:K,7,0) -> -0.0070406878
A21: 45957 | B21: =VLOOKUP(A21,'Data preparation'!A:K,6,0) -> -0.011065511 | C21: =VLOOKUP(A21,'Data preparation'!A:K,7,0) -> 0.028743519
A22: 45950 | B22: =VLOOKUP(A22,'Data preparation'!A:K,6,0) -> 0.019532701 | C22: =VLOOKUP(A22,'Data preparation'!A:K,7,0) -> 0.041737818
A23: 45943 | B23: =VLOOKUP(A23,'Data preparation'!A:K,6,0) -> 0.0051293137 | C23: =VLOOKUP(A23,'Data preparation'!A:K,7,0) -> 0.028635621
... A54: 45726 | B54: =VLOOKUP(A54,'Data preparation'!A:K,6,0) | C54: =VLOOKUP(A54,'Data preparation'!A:K,7,0)

Sheet Z outlierss
A1: Date | B1: MSFT | C1: AAPL | F1: MSFT | G1: AAPL
A2: 46090 | B2: =VLOOKUP(A2,'Data preparation'!A:K,6,0) -> 0.0011003521 | C2: =VLOOKUP(A2,'Data preparation'!A:K,7,0) -> 0.0093995184 | E2: Max | F2: =MAX(B:B) -> 0.11083395 | G2: =MAX(C:C) -> 0.13322099
A3: 46083 | B3: =VLOOKUP(A3,'Data preparation'!A:K,6,0) -> 0.041299588 | C3: =VLOOKUP(A3,'Data preparation'!A:K,7,0) -> -0.025437202 | E3: Min | F3: =MIN(B:B) -> -0.076534234 | G3: =MIN(C:C) -> -0.135469
A4: 46076 | B4: =VLOOKUP(A4,'Data preparation'!A:K,6,0) -> -0.0090581081 | C4: =VLOOKUP(A4,'Data preparation'!A:K,7,0) -> -0.0015118301
A5: 46069 | B5: =VLOOKUP(A5,'Data preparation'!A:K,6,0) -> -0.010189556 | C5: =VLOOKUP(A5,'Data preparation'!A:K,7,0) -> 0.035376066 | E5: Mean | F5: =AVERAGE(B:B) -> 0.0017550373 | G5: =AVERAGE(C:C) -> 0.0047963452
A6: 46062 | B6: =VLOOKUP(A6,'Data preparation'!A:K,6,0) -> 0.0004497414 | C6: =VLOOKUP(A6,'Data preparation'!A:K,7,0) -> -0.080328223 | E6: Mean Absolute Deviation | F6: =AVEDEV(B2:B54)*52/51 -> 0.025520066 | G6: =AVEDEV(C2:C54)*52/51 -> 0.032174982
A7: 46055 | B7: =VLOOKUP(A7,'Data preparation'!A:K,6,0) -> -0.067736601 | C7: =VLOOKUP(A7,'Data preparation'!A:K,7,0) -> 0.071825336 | E7: Sample Variance | F7: =_xlfn.VAR.S(B:B) -> 0.0012346983 | G7: =_xlfn.VAR.S(C:C) -> 0.0018699838
A8: 46048 | B8: =VLOOKUP(A8,'Data preparation'!A:K,6,0) -> -0.076534234 | C8: =VLOOKUP(A8,'Data preparation'!A:K,7,0) -> 0.046124047 | E8: Sample Standard Deviation | F8: =_xlfn.STDEV.S(B:B) -> 0.035138274 | G8: =_xlfn.STDEV.S(C:C) -> 0.043243309
A9: 46041 | B9: =VLOOKUP(A9,'Data preparation'!A:K,6,0) -> 0.013251673 | C9: =VLOOKUP(A9,'Data preparation'!A:K,7,0) -> -0.029300012
A10: 46034 | B10: =VLOOKUP(A10,'Data preparation'!A:K,6,0) -> -0.040527824 | C10: =VLOOKUP(A10,'Data preparation'!A:K,7,0) -> -0.014818817 | E10: Z min | F10: =(F3-F5)/F8 -> -2.2280341 | G10: =(G3-G5)/G8 -> -3.2436312
A11: 46027 | B11: =VLOOKUP(A11,'Data preparation'!A:K,6,0) -> 0.013414996 | C11: =VLOOKUP(A11,'Data preparation'!A:K,7,0) -> -0.042953169 | E11: Z max | F11: =(F2-F5)/F8 -> 3.1042765 | G11: =(G2-G5)/G8 -> 2.9698155
A12: 46020 | B12: =VLOOKUP(A12,'Data preparation'!A:K,6,0) -> -0.030291821 | C12: =VLOOKUP(A12,'Data preparation'!A:K,7,0) -> -0.0087134803
A13: 46013 | B13: =VLOOKUP(A13,'Data preparation'!A:K,6,0) -> 0.0036921681 | C13: =VLOOKUP(A13,'Data preparation'!A:K,7,0) -> -0.00098752789
A14: 46006 | B14: =VLOOKUP(A14,'Data preparation'!A:K,6,0) -> 0.015436495 | C14: =VLOOKUP(A14,'Data preparation'!A:K,7,0) -> -0.016581541
A15: 45999 | B15: =VLOOKUP(A15,'Data preparation'!A:K,6,0) -> -0.0095838692 | C15: =VLOOKUP(A15,'Data preparation'!A:K,7,0) -> -0.0017952032
A16: 45992 | B16: =VLOOKUP(A16,'Data preparation'!A:K,6,0) -> -0.017987737 | C16: =VLOOKUP(A16,'Data preparation'!A:K,7,0) -> -0.0002512653
A17: 45985 | B17: =VLOOKUP(A17,'Data preparation'!A:K,6,0) -> 0.044091373 | C17: =VLOOKUP(A17,'Data preparation'!A:K,7,0) -> 0.027097773
A18: 45978 | B18: =VLOOKUP(A18,'Data preparation'!A:K,6,0) -> -0.074615703 | C18: =VLOOKUP(A18,'Data preparation'!A:K,7,0) -> -0.0023906727
A19: 45971 | B19: =VLOOKUP(A19,'Data preparation'!A:K,6,0) -> 0.026901932 | C19: =VLOOKUP(A19,'Data preparation'!A:K,7,0) -> 0.014666368
A20: 45964 | B20: =VLOOKUP(A20,'Data preparation'!A:K,6,0) -> -0.040549188 | C20: =VLOOKUP(A20,'Data preparation'!A:K,7,0) -> -0.0070406878
A21: 45957 | B21: =VLOOKUP(A21,'Data preparation'!A:K,6,0) -> -0.011065511 | C21: =VLOOKUP(A21,'Data preparation'!A:K,7,0) -> 0.028743519
A22: 45950 | B22: =VLOOKUP(A22,'Data preparation'!A:K,6,0) -> 0.019532701 | C22: =VLOOKUP(A22,'Data preparation'!A:K,7,0) -> 0.041737818
A23: 45943 | B23: =VLOOKUP(A23,'Data preparation'!A:K,6,0) -> 0.0051293137 | C23: =VLOOKUP(A23,'Data preparation'!A:K,7,0) -> 0.028635621
... A54: 45726 | B54: =VLOOKUP(A54,'Data preparation'!A:K,6,0) | C54: =VLOOKUP(A54,'Data preparation'!A:K,7,0)

Sheet CV & Sharpe ratio
A1: Date | B1: MSFT | C1: AAPL | F1: MSFT | G1: AAPL
A2: 46090 | B2: =VLOOKUP(A2,'Data preparation'!A:K,6,0) -> 0.0011003521 | C2: =VLOOKUP(A2,'Data preparation'!A:K,7,0) -> 0.0093995184 | E2: Mean | F2: =AVERAGE(B:B) -> 0.0017550373 | G2: =AVERAGE(C:C) -> 0.0047963452
A3: 46083 | B3: =VLOOKUP(A3,'Data preparation'!A:K,6,0) -> 0.041299588 | C3: =VLOOKUP(A3,'Data preparation'!A:K,7,0) -> -0.025437202 | E3: Mean Absolute Deviation | F3: =AVEDEV(B2:B54)*52/51 -> 0.025520066 | G3: =AVEDEV(C2:C54)*52/51 -> 0.032174982
A4: 46076 | B4: =VLOOKUP(A4,'Data preparation'!A:K,6,0) -> -0.0090581081 | C4: =VLOOKUP(A4,'Data preparation'!A:K,7,0) -> -0.0015118301 | E4: Sample Variance | F4: =_xlfn.VAR.S(B:B) -> 0.0012346983 | G4: =_xlfn.VAR.S(C:C) -> 0.0018699838
A5: 46069 | B5: =VLOOKUP(A5,'Data preparation'!A:K,6,0) -> -0.010189556 | C5: =VLOOKUP(A5,'Data preparation'!A:K,7,0) -> 0.035376066 | E5: Sample Standard Deviation | F5: =_xlfn.STDEV.S(B:B) -> 0.035138274 | G5: =_xlfn.STDEV.S(C:C) -> 0.043243309
A6: 46062 | B6: =VLOOKUP(A6,'Data preparation'!A:K,6,0) -> 0.0004497414 | C6: =VLOOKUP(A6,'Data preparation'!A:K,7,0) -> -0.080328223
A7: 46055 | B7: =VLOOKUP(A7,'Data preparation'!A:K,6,0) -> -0.067736601 | C7: =VLOOKUP(A7,'Data preparation'!A:K,7,0) -> 0.071825336 | E7: CV | F7: =F5/F2 -> 20.021383 | G7: =G5/G2 -> 9.0158876
A8: 46048 | B8: =VLOOKUP(A8,'Data preparation'!A:K,6,0) -> -0.076534234 | C8: =VLOOKUP(A8,'Data preparation'!A:K,7,0) -> 0.046124047 | E8: T bill | F8: =3.96/53 -> 0.074716981
A9: 46041 | B9: =VLOOKUP(A9,'Data preparation'!A:K,6,0) -> 0.013251673 | C9: =VLOOKUP(A9,'Data preparation'!A:K,7,0) -> -0.029300012 | E9: Sharpe ratio | F9: =(F2-$F$8)/F5 -> -2.0764237 | G9: =(G2-$F$8)/G5 -> -1.6169122
A10: 46034 | B10: =VLOOKUP(A10,'Data preparation'!A:K,6,0) -> -0.040527824 | C10: =VLOOKUP(A10,'Data preparation'!A:K,7,0) -> -0.014818817
A11: 46027 | B11: =VLOOKUP(A11,'Data preparation'!A:K,6,0) -> 0.013414996 | C11: =VLOOKUP(A11,'Data preparation'!A:K,7,0) -> -0.042953169
A12: 46020 | B12: =VLOOKUP(A12,'Data preparation'!A:K,6,0) -> -0.030291821 | C12: =VLOOKUP(A12,'Data preparation'!A:K,7,0) -> -0.0087134803
A13: 46013 | B13: =VLOOKUP(A13,'Data preparation'!A:K,6,0) -> 0.0036921681 | C13: =VLOOKUP(A13,'Data preparation'!A:K,7,0) -> -0.00098752789
A14: 46006 | B14: =VLOOKUP(A14,'Data preparation'!A:K,6,0) -> 0.015436495 | C14: =VLOOKUP(A14,'Data preparation'!A:K,7,0) -> -0.016581541
A15: 45999 | B15: =VLOOKUP(A15,'Data preparation'!A:K,6,0) -> -0.0095838692 | C15: =VLOOKUP(A15,'Data preparation'!A:K,7,0) -> -0.0017952032
A16: 45992 | B16: =VLOOKUP(A16,'Data preparation'!A:K,6,0) -> -0.017987737 | C16: =VLOOKUP(A16,'Data preparation'!A:K,7,0) -> -0.0002512653
A17: 45985 | B17: =VLOOKUP(A17,'Data preparation'!A:K,6,0) -> 0.044091373 | C17: =VLOOKUP(A17,'Data preparation'!A:K,7,0) -> 0.027097773
A18: 45978 | B18: =VLOOKUP(A18,'Data preparation'!A:K,6,0) -> -0.074615703 | C18: =VLOOKUP(A18,'Data preparation'!A:K,7,0) -> -0.0023906727
A19: 45971 | B19: =VLOOKUP(A19,'Data preparation'!A:K,6,0) -> 0.026901932 | C19: =VLOOKUP(A19,'Data preparation'!A:K,7,0) -> 0.014666368
A20: 45964 | B20: =VLOOKUP(A20,'Data preparation'!A:K,6,0) -> -0.040549188 | C20: =VLOOKUP(A20,'Data preparation'!A:K,7,0) -> -0.0070406878
A21: 45957 | B21: =VLOOKUP(A21,'Data preparation'!A:K,6,0) -> -0.011065511 | C21: =VLOOKUP(A21,'Data preparation'!A:K,7,0) -> 0.028743519
... A54: 45726 | B54: =VLOOKUP(A54,'Data preparation'!A:K,6,0) | C54: =VLOOKUP(A54,'Data preparation'!A:K,7,0)

Sheet Cov & Correlation
A1: Date | B1: MSFT | C1: AAPL
A2: 46090 | B2: =VLOOKUP(A2,'Data preparation'!A:K,6,0) -> 0.0011003521 | C2: =VLOOKUP(A2,'Data preparation'!A:K,7,0) -> 0.0093995184 | E2: Cov | F2: =_xlfn.COVARIANCE.S(B:B,C:C) -> 0.00014631445
A3: 46083 | B3: =VLOOKUP(A3,'Data preparation'!A:K,6,0) -> 0.041299588 | C3: =VLOOKUP(A3,'Data preparation'!A:K,7,0) -> -0.025437202 | E3: Correlation | F3: =CORREL(B:B,C:C) -> 0.096291484
A4: 46076 | B4: =VLOOKUP(A4,'Data preparation'!A:K,6,0) -> -0.0090581081 | C4: =VLOOKUP(A4,'Data preparation'!A:K,7,0) -> -0.0015118301 | E4: R^2 | F4: =F3^2 -> 0.0092720499
A5: 46069 | B5: =VLOOKUP(A5,'Data preparation'!A:K,6,0) -> -0.010189556 | C5: =VLOOKUP(A5,'Data preparation'!A:K,7,0) -> 0.035376066
A6: 46062 | B6: =VLOOKUP(A6,'Data preparation'!A:K,6,0) -> 0.0004497414 | C6: =VLOOKUP(A6,'Data preparation'!A:K,7,0) -> -0.080328223
A7: 46055 | B7: =VLOOKUP(A7,'Data preparation'!A:K,6,0) -> -0.067736601 | C7: =VLOOKUP(A7,'Data preparation'!A:K,7,0) -> 0.071825336
A8: 46048 | B8: =VLOOKUP(A8,'Data preparation'!A:K,6,0) -> -0.076534234 | C8: =VLOOKUP(A8,'Data preparation'!A:K,7,0) -> 0.046124047
A9: 46041 | B9: =VLOOKUP(A9,'Data preparation'!A:K,6,0) -> 0.013251673 | C9: =VLOOKUP(A9,'Data preparation'!A:K,7,0) -> -0.029300012
A10: 46034 | B10: =VLOOKUP(A10,'Data preparation'!A:K,6,0) -> -0.040527824 | C10: =VLOOKUP(A10,'Data preparation'!A:K,7,0) -> -0.014818817
A11: 46027 | B11: =VLOOKUP(A11,'Data preparation'!A:K,6,0) -> 0.013414996 | C11: =VLOOKUP(A11,'Data preparation'!A:K,7,0) -> -0.042953169
A12: 46020 | B12: =VLOOKUP(A12,'Data preparation'!A:K,6,0) -> -0.030291821 | C12: =VLOOKUP(A12,'Data preparation'!A:K,7,0) -> -0.0087134803
A13: 46013 | B13: =VLOOKUP(A13,'Data preparation'!A:K,6,0) -> 0.0036921681 | C13: =VLOOKUP(A13,'Data preparation'!A:K,7,0) -> -0.00098752789
A14: 46006 | B14: =VLOOKUP(A14,'Data preparation'!A:K,6,0) -> 0.015436495 | C14: =VLOOKUP(A14,'Data preparation'!A:K,7,0) -> -0.016581541
A15: 45999 | B15: =VLOOKUP(A15,'Data preparation'!A:K,6,0) -> -0.0095838692 | C15: =VLOOKUP(A15,'Data preparation'!A:K,7,0) -> -0.0017952032
A16: 45992 | B16: =VLOOKUP(A16,'Data preparation'!A:K,6,0) -> -0.017987737 | C16: =VLOOKUP(A16,'Data preparation'!A:K,7,0) -> -0.0002512653
... A54: 45726 | B54: =VLOOKUP(A54,'Data preparation'!A:K,6,0) | C54: =VLOOKUP(A54,'Data preparation'!A:K,7,0)

Sheet ChiSq for MSFT
A1: Date | B1: MSFT
A2: 46090 | B2: =VLOOKUP(A2,'Data preparation'!A:K,6,0) -> 0.0011003521 | D2: It is claimed that the annual standard deviation of returns for Microsoft (MSFT) is 15%. To test this statement using our weekly dataset, we convert the annual value into a weekly standard deviation of 2.08%. A random sample of 53 weekly returns from March 2025 to March 2026 resulted in a sample standard deviation of 0.0351. At the 0.05 significance level, we apply a Chi-Square test to examine whether the true weekly volatility of Microsoft returns is significantly higher than the claimed weekly standard deviation of 2.08%. | F2: 15% annual standard deviation -> into 2.08% weekly standard deviation | G2: 0.15/sqrt(54) | H2: =0.15/sqrt(54) -> 0.020412415 | I2: =H2 -> 0.020412415
A3: 46083 | B3: =VLOOKUP(A3,'Data preparation'!A:K,6,0) -> 0.041299588 | F3: χ² = DOF*s² / σ₀²
A4: 46076 | B4: =VLOOKUP(A4,'Data preparation'!A:K,6,0) -> -0.0090581081 | F4: p value = P(χ² ≥ 148.4012361)
A5: 46069 | B5: =VLOOKUP(A5,'Data preparation'!A:K,6,0) -> -0.010189556
A6: 46062 | B6: =VLOOKUP(A6,'Data preparation'!A:K,6,0) -> 0.0004497414 | F6: H₀: σ² ≤ 0.0004
A7: 46055 | B7: =VLOOKUP(A7,'Data preparation'!A:K,6,0) -> -0.067736601 | E7: p value ≈ 0.000000000033 | F7: H₁: σ² > 0.0004
A8: 46048 | B8: =VLOOKUP(A8,'Data preparation'!A:K,6,0) -> -0.076534234 | E8: Conclusion | F8: n | G8: 52
A9: 46041 | B9: =VLOOKUP(A9,'Data preparation'!A:K,6,0) -> 0.013251673 | E9: p =0.000000000008 < 0.05 | F9: s | G9: =_xlfn.STDEV.S(B2:B53) -> 0.035138274
A10: 46034 | B10: =VLOOKUP(A10,'Data preparation'!A:K,6,0) -> -0.040527824 | E10: Reject H₀. | F10: σ₀ | G10: =H2 -> 0.020412415
A11: 46027 | B11: =VLOOKUP(A11,'Data preparation'!A:K,6,0) -> 0.013414996 | F11: α | G11: 0.05
A12: 46020 | B12: =VLOOKUP(A12,'Data preparation'!A:K,6,0) -> -0.030291821 | E12: There is sufficient evidence at the 5 percent level to conclude that the annual standard deviation of returns for Visa (V) is significantly higher than the manager's claim of 15%. | F12: DOF | G12: =G8-1 -> 51
A13: 46013 | B13: =VLOOKUP(A13,'Data preparation'!A:K,6,0) -> 0.0036921681 | F13: s² | G13: =G9^2 -> 0.0012346983
A14: 46006 | B14: =VLOOKUP(A14,'Data preparation'!A:K,6,0) -> 0.015436495 | F14: σ₀² | G14: =G10^2 -> 0.00041666667
A15: 45999 | B15: =VLOOKUP(A15,'Data preparation'!A:K,6,0) -> -0.0095838692 | F15: χ² | G15: =(G12*G13)/G14 -> 151.12707
A16: 45992 | B16: =VLOOKUP(A16,'Data preparation'!A:K,6,0) -> -0.017987737 | F16: P value | G16: =_xlfn.CHISQ.DIST.RT(G15,G12) -> 0
A17: 45985 | B17: =VLOOKUP(A17,'Data preparation'!A:K,6,0) -> 0.044091373
A18: 45978 | B18: =VLOOKUP(A18,'Data preparation'!A:K,6,0) -> -0.074615703
A19: 45971 | B19: =VLOOKUP(A19,'Data preparation'!A:K,6,0) -> 0.026901932
A20: 45964 | B20: =VLOOKUP(A20,'Data preparation'!A:K,6,0) -> -0.040549188
A21: 45957 | B21: =VLOOKUP(A21,'Data preparation'!A:K,6,0) -> -0.011065511
A22: 45950 | B22: =VLOOKUP(A22,'Data preparation'!A:K,6,0) -> 0.019532701
A23: 45943 | B23: =VLOOKUP(A23,'Data preparation'!A:K,6,0) -> 0.0051293137
A24: 45936 | B24: =VLOOKUP(A24,'Data preparation'!A:K,6,0) -> -0.01236389
A25: 45929 | B25: =VLOOKUP(A25,'Data preparation'!A:K,6,0) -> 0.011524718
A26: 45922 | B26: =VLOOKUP(A26,'Data preparation'!A:K,6,0) -> -0.012505089
A27: 45915 | B27: =VLOOKUP(A27,'Data preparation'!A:K,6,0) -> 0.015754544
A28: 45908 | B28: =VLOOKUP(A28,'Data preparation'!A:K,6,0) -> 0.030104473
... A54: 45726 | B54: =VLOOKUP(A54,'Data preparation'!A:K,6,0)

Sheet Chisq for AAPL
A1: Date | B1: AAPL | D1: t is claimed that the annual standard deviation of returns for Apple (AAPL) is 15%. To test this statement using our weekly dataset, we convert the annual value into a weekly standard deviation of 2.04%. A random sample of 53 weekly returns from March 2025 to March 2026 resulted in a sample standard deviation of 0.043. At the 0.05 significance level, we apply a Chi-Square test to examine whether the true weekly volatility of Microsoft returns is significantly higher than the claimed weekly standard deviation of 2.04%. | H1: 15% annual standard deviation -> into 2.08% weekly standard deviation | I1: 0.15/sqrt(54) | J1: =0.15/sqrt(54) -> 0.020412415 | K1: =J1 -> 0.020412415
A2: 46090 | B2: =VLOOKUP(A2,'Data preparation'!A:K,7,0) -> 0.0093995184 | H2: χ² = DOF*s² / σ₀²
A3: 46083 | B3: =VLOOKUP(A3,'Data preparation'!A:K,7,0) -> -0.025437202 | H3: p value = P(χ² ≥ 148.4012361)
A4: 46076 | B4: =VLOOKUP(A4,'Data preparation'!A:K,7,0) -> -0.0015118301
A5: 46069 | B5: =VLOOKUP(A5,'Data preparation'!A:K,7,0) -> 0.035376066 | H5: H₀: σ² ≤ 0.0004
A6: 46062 | B6: =VLOOKUP(A6,'Data preparation'!A:K,7,0) -> -0.080328223 | H6: H₁: σ² > 0.0004
A7: 46055 | B7: =VLOOKUP(A7,'Data preparation'!A:K,7,0) -> 0.071825336 | D7: p value ≈ 0.0000000000 | E7: There is sufficient evidence at the 5 percent level to conclude that the annual standard deviation of returns for Visa (V) is significantly higher than the manager's claim of 15%. | H7: n | I7: 52
A8: 46048 | B8: =VLOOKUP(A8,'Data preparation'!A:K,7,0) -> 0.046124047 | D8: Conclusion | H8: s | I8: =_xlfn.STDEV.S(B2:B53) -> 0.043243309
A9: 46041 | B9: =VLOOKUP(A9,'Data preparation'!A:K,7,0) -> -0.029300012 | D9: p = 0.0000000000 < 0.05 | H9: σ₀ | I9: =J1 -> 0.020412415
A10: 46034 | B10: =VLOOKUP(A10,'Data preparation'!A:K,7,0) -> -0.014818817 | D10: Reject H₀. | H10: α | I10: 0.05
A11: 46027 | B11: =VLOOKUP(A11,'Data preparation'!A:K,7,0) -> -0.042953169 | H11: DOF | I11: =I7-1 -> 51
A12: 46020 | B12: =VLOOKUP(A12,'Data preparation'!A:K,7,0) -> -0.0087134803 | H12: s² | I12: =I8^2 -> 0.0018699838
A13: 46013 | B13: =VLOOKUP(A13,'Data preparation'!A:K,7,0) -> -0.00098752789 | H13: σ₀² | I13: =I9^2 -> 0.00041666667
A14: 46006 | B14: =VLOOKUP(A14,'Data preparation'!A:K,7,0) -> -0.016581541 | H14: χ² | I14: =(I11*I12)/I13 -> 228.88602
A15: 45999 | B15: =VLOOKUP(A15,'Data preparation'!A:K,7,0) -> -0.0017952032 | H15: P value | I15: =_xlfn.CHISQ.DIST.RT(I14,I11) -> 0
A16: 45992 | B16: =VLOOKUP(A16,'Data preparation'!A:K,7,0) -> -0.0002512653
A17: 45985 | B17: =VLOOKUP(A17,'Data preparation'!A:K,7,0) -> 0.027097773
A18: 45978 | B18: =VLOOKUP(A18,'Data preparation'!A:K,7,0) -> -0.0023906727
A19: 45971 | B19: =VLOOKUP(A19,'Data preparation'!A:K,7,0) -> 0.014666368
A20: 45964 | B20: =VLOOKUP(A20,'Data preparation'!A:K,7,0) -> -0.0070406878
A21: 45957 | B21: =VLOOKUP(A21,'Data preparation'!A:K,7,0) -> 0.028743519
A22: 45950 | B22: =VLOOKUP(A22,'Data preparation'!A:K,7,0) -> 0.041737818
A23: 45943 | B23: =VLOOKUP(A23,'Data preparation'!A:K,7,0) -> 0.028635621
A24: 45936 | B24: =VLOOKUP(A24,'Data preparation'!A:K,7,0) -> -0.049431134
A25: 45929 | B25: =VLOOKUP(A25,'Data preparation'!A:K,7,0) -> 0.010040397
A26: 45922 | B26: =VLOOKUP(A26,'Data preparation'!A:K,7,0) -> 0.040566461
A27: 45915 | B27: =VLOOKUP(A27,'Data preparation'!A:K,7,0) -> 0.048839997
... A54: 45726 | B54: =VLOOKUP(A54,'Data preparation'!A:K,7,0)

Sheet F test
A1: Date | B1: MSFT | C1: AAPL | E1: A financial analyst wants to test whether Microsoft is riskier than Apple using variance as the measure of risk. A random sample of 52 weekly returns from Microsoft has a sample variance of 0.001235. A random sample of 52 weekly returns from Apple has a sample variance of 0.001870. Assume returns are normally distributed, and the analyst intends to use a 5 percent significance level to determine if Microsoft is riskier than Apple.
A2: 46090 | B2: =VLOOKUP(A2,'Data preparation'!A:K,6,0) -> 0.0011003521 | C2: =VLOOKUP(A2,'Data preparation'!A:K,7,0) -> 0.0093995184
A3: 46083 | B3: =VLOOKUP(A3,'Data preparation'!A:K,6,0) -> 0.041299588 | C3: =VLOOKUP(A3,'Data preparation'!A:K,7,0) -> -0.025437202
A4: 46076 | B4: =VLOOKUP(A4,'Data preparation'!A:K,6,0) -> -0.0090581081 | C4: =VLOOKUP(A4,'Data preparation'!A:K,7,0) -> -0.0015118301
A5: 46069 | B5: =VLOOKUP(A5,'Data preparation'!A:K,6,0) -> -0.010189556 | C5: =VLOOKUP(A5,'Data preparation'!A:K,7,0) -> 0.035376066
A6: 46062 | B6: =VLOOKUP(A6,'Data preparation'!A:K,6,0) -> 0.0004497414 | C6: =VLOOKUP(A6,'Data preparation'!A:K,7,0) -> -0.080328223
A7: 46055 | B7: =VLOOKUP(A7,'Data preparation'!A:K,6,0) -> -0.067736601 | C7: =VLOOKUP(A7,'Data preparation'!A:K,7,0) -> 0.071825336
A8: 46048 | B8: =VLOOKUP(A8,'Data preparation'!A:K,6,0) -> -0.076534234 | C8: =VLOOKUP(A8,'Data preparation'!A:K,7,0) -> 0.046124047 | E8: H₀: σM² ≤ σA²
A9: 46041 | B9: =VLOOKUP(A9,'Data preparation'!A:K,6,0) -> 0.013251673 | C9: =VLOOKUP(A9,'Data preparation'!A:K,7,0) -> -0.029300012 | E9: H₁: σM² > σA²
A10: 46034 | B10: =VLOOKUP(A10,'Data preparation'!A:K,6,0) -> -0.040527824 | C10: =VLOOKUP(A10,'Data preparation'!A:K,7,0) -> -0.014818817 | E10: sM | F10: =_xlfn.STDEV.S(B:B) -> 0.035138274
A11: 46027 | B11: =VLOOKUP(A11,'Data preparation'!A:K,6,0) -> 0.013414996 | C11: =VLOOKUP(A11,'Data preparation'!A:K,7,0) -> -0.042953169 | E11: sA | F11: =_xlfn.STDEV.S(C:C) -> 0.043243309
A12: 46020 | B12: =VLOOKUP(A12,'Data preparation'!A:K,6,0) -> -0.030291821 | C12: =VLOOKUP(A12,'Data preparation'!A:K,7,0) -> -0.0087134803 | E12: nM | F12: 52
A13: 46013 | B13: =VLOOKUP(A13,'Data preparation'!A:K,6,0) -> 0.0036921681 | C13: =VLOOKUP(A13,'Data preparation'!A:K,7,0) -> -0.00098752789 | E13: nA | F13: 52
A14: 46006 | B14: =VLOOKUP(A14,'Data preparation'!A:K,6,0) -> 0.015436495 | C14: =VLOOKUP(A14,'Data preparation'!A:K,7,0) -> -0.016581541 | E14: sM² | F14: =F10^2 -> 0.0012346983
A15: 45999 | B15: =VLOOKUP(A15,'Data preparation'!A:K,6,0) -> -0.0095838692 | C15: =VLOOKUP(A15,'Data preparation'!A:K,7,0) -> -0.0017952032 | E15: sA² | F15: =F11^2 -> 0.0018699838
A16: 45992 | B16: =VLOOKUP(A16,'Data preparation'!A:K,6,0) -> -0.017987737 | C16: =VLOOKUP(A16,'Data preparation'!A:K,7,0) -> -0.0002512653 | E16: dofM | F16: =F12-1 -> 51
A17: 45985 | B17: =VLOOKUP(A17,'Data preparation'!A:K,6,0) -> 0.044091373 | C17: =VLOOKUP(A17,'Data preparation'!A:K,7,0) -> 0.027097773 | E17: dofV | F17: =F13-1 -> 51
A18: 45978 | B18: =VLOOKUP(A18,'Data preparation'!A:K,6,0) -> -0.074615703 | C18: =VLOOKUP(A18,'Data preparation'!A:K,7,0) -> -0.0023906727 | E18: F = s₁² / s₂² | F18: =F14/F15 -> 0.66027218
A19: 45971 | B19: =VLOOKUP(A19,'Data preparation'!A:K,6,0) -> 0.026901932 | C19: =VLOOKUP(A19,'Data preparation'!A:K,7,0) -> 0.014666368 | E19: Critical value | F19: =_xlfn.F.INV.RT(0.05,52,52) -> 1.5847049
A20: 45964 | B20: =VLOOKUP(A20,'Data preparation'!A:K,6,0) -> -0.040549188 | C20: =VLOOKUP(A20,'Data preparation'!A:K,7,0) -> -0.0070406878 | E20: P value | F20: =_xlfn.F.DIST.RT(F18,F16,F17) -> 0.92918512
A21: 45957 | B21: =VLOOKUP(A21,'Data preparation'!A:K,6,0) -> -0.011065511 | C21: =VLOOKUP(A21,'Data preparation'!A:K,7,0) -> 0.028743519 | E21: Decision rule in term of critical value | F21: 0.66<1.58 | G21: do not regect H₀
A22: 45950 | B22: =VLOOKUP(A22,'Data preparation'!A:K,6,0) -> 0.019532701 | C22: =VLOOKUP(A22,'Data preparation'!A:K,7,0) -> 0.041737818 | E22: Decision rule in terms of p value | F22: 0.93>0.05 | G22: do not regect H₀
A23: 45943 | B23: =VLOOKUP(A23,'Data preparation'!A:K,6,0) -> 0.0051293137 | C23: =VLOOKUP(A23,'Data preparation'!A:K,7,0) -> 0.028635621
A24: 45936 | B24: =VLOOKUP(A24,'Data preparation'!A:K,6,0) -> -0.01236389 | C24: =VLOOKUP(A24,'Data preparation'!A:K,7,0) -> -0.049431134 | E24: Based on the test results, there is insufficient evidence at the 5 percent significance level to conclude that Microsoft is riskier than Apple. Therefore, we fail to reject the null hypothesis that the variance of Microsoft is less than or equal to the variance of Apple.
A25: 45929 | B25: =VLOOKUP(A25,'Data preparation'!A:K,6,0) -> 0.011524718 | C25: =VLOOKUP(A25,'Data preparation'!A:K,7,0) -> 0.010040397
A26: 45922 | B26: =VLOOKUP(A26,'Data preparation'!A:K,6,0) -> -0.012505089 | C26: =VLOOKUP(A26,'Data preparation'!A:K,7,0) -> 0.040566461
A27: 45915 | B27: =VLOOKUP(A27,'Data preparation'!A:K,6,0) -> 0.015754544 | C27: =VLOOKUP(A27,'Data preparation'!A:K,7,0) -> 0.048839997
A28: 45908 | B28: =VLOOKUP(A28,'Data preparation'!A:K,6,0) -> 0.030104473 | C28: =VLOOKUP(A28,'Data preparation'!A:K,7,0) -> -0.023450236
A29: 45901 | B29: =VLOOKUP(A29,'Data preparation'!A:K,6,0) -> -0.023068234 | C29: =VLOOKUP(A29,'Data preparation'!A:K,7,0) -> 0.032498921
A30: 45894 | B30: =VLOOKUP(A30,'Data preparation'!A:K,6,0) -> 0.00057505453 | C30: =VLOOKUP(A30,'Data preparation'!A:K,7,0) -> 0.019223156
A31: 45887 | B31: =VLOOKUP(A31,'Data preparation'!A:K,6,0) -> -0.024885434 | C31: =VLOOKUP(A31,'Data preparation'!A:K,7,0) -> -0.015418598
A32: 45880 | B32: =VLOOKUP(A32,'Data preparation'!A:K,6,0) -> -0.0035644098 | C32: =VLOOKUP(A32,'Data preparation'!A:K,7,0) -> 0.0097966324
A33: 45873 | B33: =VLOOKUP(A33,'Data preparation'!A:K,6,0) -> -0.0039533277 | C33: =VLOOKUP(A33,'Data preparation'!A:K,7,0) -> 0.13322099
A34: 45866 | B34: =VLOOKUP(A34,'Data preparation'!A:K,6,0) -> 0.020245135 | C34: =VLOOKUP(A34,'Data preparation'!A:K,7,0) -> -0.053744783
A35: 45859 | B35: =VLOOKUP(A35,'Data preparation'!A:K,6,0) -> 0.0071780714 | C35: =VLOOKUP(A35,'Data preparation'!A:K,7,0) -> 0.01277667
A36: 45852 | B36: =VLOOKUP(A36,'Data preparation'!A:K,6,0) -> 0.013369037 | C36: =VLOOKUP(A36,'Data preparation'!A:K,7,0) -> 9.500285e-05
... A54: 45726 | B54: =VLOOKUP(A54,'Data preparation'!A:K,6,0) | C54: =VLOOKUP(A54,'Data preparation'!A:K,7,0)

Sheet Gegression
A1: Date | B1: MSFT | C1: AAPL
A2: 46090 | B2: =VLOOKUP(A2,'Data preparation'!A:K,6,0) -> 0.0011003521 | C2: =VLOOKUP(A2,'Data preparation'!A:K,7,0) -> 0.0093995184
A3: 46083 | B3: =VLOOKUP(A3,'Data preparation'!A:K,6,0) -> 0.041299588 | C3: =VLOOKUP(A3,'Data preparation'!A:K,7,0) -> -0.025437202
A4: 46076 | B4: =VLOOKUP(A4,'Data preparation'!A:K,6,0) -> -0.0090581081 | C4: =VLOOKUP(A4,'Data preparation'!A:K,7,0) -> -0.0015118301 | F4: SUMMARY OUTPUT
A5: 46069 | B5: =VLOOKUP(A5,'Data preparation'!A:K,6,0) -> -0.010189556 | C5: =VLOOKUP(A5,'Data preparation'!A:K,7,0) -> 0.035376066
A6: 46062 | B6: =VLOOKUP(A6,'Data preparation'!A:K,6,0) -> 0.0004497414 | C6: =VLOOKUP(A6,'Data preparation'!A:K,7,0) -> -0.080328223 | F6: Regression Statistics
A7: 46055 | B7: =VLOOKUP(A7,'Data preparation'!A:K,6,0) -> -0.067736601 | C7: =VLOOKUP(A7,'Data preparation'!A:K,7,0) -> 0.071825336 | F7: Multiple R | G7: 0.09635
A8: 46048 | B8: =VLOOKUP(A8,'Data preparation'!A:K,6,0) -> -0.076534234 | C8: =VLOOKUP(A8,'Data preparation'!A:K,7,0) -> 0.046124047 | F8: R Square | G8: 0.009283
A9: 46041 | B9: =VLOOKUP(A9,'Data preparation'!A:K,6,0) -> 0.013251673 | C9: =VLOOKUP(A9,'Data preparation'!A:K,7,0) -> -0.029300012 | F9: Adjusted R Square | G9: -0.01094
A10: 46034 | B10: =VLOOKUP(A10,'Data preparation'!A:K,6,0) -> -0.040527824 | C10: =VLOOKUP(A10,'Data preparation'!A:K,7,0) -> -0.014818817 | F10: Standard Error | G10: 0.035676
A11: 46027 | B11: =VLOOKUP(A11,'Data preparation'!A:K,6,0) -> 0.013414996 | C11: =VLOOKUP(A11,'Data preparation'!A:K,7,0) -> -0.042953169 | F11: Observations | G11: 51
A12: 46020 | B12: =VLOOKUP(A12,'Data preparation'!A:K,6,0) -> -0.030291821 | C12: =VLOOKUP(A12,'Data preparation'!A:K,7,0) -> -0.0087134803
A13: 46013 | B13: =VLOOKUP(A13,'Data preparation'!A:K,6,0) -> 0.0036921681 | C13: =VLOOKUP(A13,'Data preparation'!A:K,7,0) -> -0.00098752789 | F13: ANOVA
A14: 46006 | B14: =VLOOKUP(A14,'Data preparation'!A:K,6,0) -> 0.015436495 | C14: =VLOOKUP(A14,'Data preparation'!A:K,7,0) -> -0.016581541 | G14: df | H14: SS | I14: MS | J14: F | K14: Significance F
A15: 45999 | B15: =VLOOKUP(A15,'Data preparation'!A:K,6,0) -> -0.0095838692 | C15: =VLOOKUP(A15,'Data preparation'!A:K,7,0) -> -0.0017952032 | F15: Regression | G15: 1 | H15: 0.000584 | I15: 0.000584 | J15: 0.459149 | K15: 0.501209
A16: 45992 | B16: =VLOOKUP(A16,'Data preparation'!A:K,6,0) -> -0.017987737 | C16: =VLOOKUP(A16,'Data preparation'!A:K,7,0) -> -0.0002512653 | F16: Residual | G16: 49 | H16: 0.062365 | I16: 0.001273
A17: 45985 | B17: =VLOOKUP(A17,'Data preparation'!A:K,6,0) -> 0.044091373 | C17: =VLOOKUP(A17,'Data preparation'!A:K,7,0) -> 0.027097773 | F17: Total | G17: 50 | H17: 0.062949
A18: 45978 | B18: =VLOOKUP(A18,'Data preparation'!A:K,6,0) -> -0.074615703 | C18: =VLOOKUP(A18,'Data preparation'!A:K,7,0) -> -0.0023906727
A19: 45971 | B19: =VLOOKUP(A19,'Data preparation'!A:K,6,0) -> 0.026901932 | C19: =VLOOKUP(A19,'Data preparation'!A:K,7,0) -> 0.014666368 | G19: Coefficients | H19: Standard Error | I19: t Stat | J19: P-value | K19: Lower 95% | L19: Upper 95% | M19: Lower 95.0% | N19: Upper 95.0%
A20: 45964 | B20: =VLOOKUP(A20,'Data preparation'!A:K,6,0) -> -0.040549188 | C20: =VLOOKUP(A20,'Data preparation'!A:K,7,0) -> -0.0070406878 | F20: Intercept | G20: 0.001396 | H20: 0.005025 | I20: 0.277894 | J20: 0.782263 | K20: -0.0087 | L20: 0.011495 | M20: -0.0087 | N20: 0.011495
A21: 45957 | B21: =VLOOKUP(A21,'Data preparation'!A:K,6,0) -> -0.011065511 | C21: =VLOOKUP(A21,'Data preparation'!A:K,7,0) -> 0.028743519 | F21: 0.0094 | G21: 0.078291 | H21: 0.11554 | I21: 0.677606 | J21: 0.501209 | K21: -0.1539 | L21: 0.310478 | M21: -0.1539 | N21: 0.310478
A22: 45950 | B22: =VLOOKUP(A22,'Data preparation'!A:K,6,0) -> 0.019532701 | C22: =VLOOKUP(A22,'Data preparation'!A:K,7,0) -> 0.041737818
A23: 45943 | B23: =VLOOKUP(A23,'Data preparation'!A:K,6,0) -> 0.0051293137 | C23: =VLOOKUP(A23,'Data preparation'!A:K,7,0) -> 0.028635621
A24: 45936 | B24: =VLOOKUP(A24,'Data preparation'!A:K,6,0) -> -0.01236389 | C24: =VLOOKUP(A24,'Data preparation'!A:K,7,0) -> -0.049431134
A25: 45929 | B25: =VLOOKUP(A25,'Data preparation'!A:K,6,0) -> 0.011524718 | C25: =VLOOKUP(A25,'Data preparation'!A:K,7,0) -> 0.010040397
A26: 45922 | B26: =VLOOKUP(A26,'Data preparation'!A:K,6,0) -> -0.012505089 | C26: =VLOOKUP(A26,'Data preparation'!A:K,7,0) -> 0.040566461
A27: 45915 | B27: =VLOOKUP(A27,'Data preparation'!A:K,6,0) -> 0.015754544 | C27: =VLOOKUP(A27,'Data preparation'!A:K,7,0) -> 0.048839997
A28: 45908 | B28: =VLOOKUP(A28,'Data preparation'!A:K,6,0) -> 0.030104473 | C28: =VLOOKUP(A28,'Data preparation'!A:K,7,0) -> -0.023450236
A29: 45901 | B29: =VLOOKUP(A29,'Data preparation'!A:K,6,0) -> -0.023068234 | C29: =VLOOKUP(A29,'Data preparation'!A:K,7,0) -> 0.032498921
A30: 45894 | B30: =VLOOKUP(A30,'Data preparation'!A:K,6,0) -> 0.00057505453 | C30: =VLOOKUP(A30,'Data preparation'!A:K,7,0) -> 0.019223156
A31: 45887 | B31: =VLOOKUP(A31,'Data preparation'!A:K,6,0) -> -0.024885434 | C31: =VLOOKUP(A31,'Data preparation'!A:K,7,0) -> -0.015418598
A32: 45880 | B32: =VLOOKUP(A32,'Data preparation'!A:K,6,0) -> -0.0035644098 | C32: =VLOOKUP(A32,'Data preparation'!A:K,7,0) -> 0.0097966324
A33: 45873 | B33: =VLOOKUP(A33,'Data preparation'!A:K,6,0) -> -0.0039533277 | C33: =VLOOKUP(A33,'Data preparation'!A:K,7,0) -> 0.13322099
... A54: 45726 | B54: =VLOOKUP(A54,'Data preparation'!A:K,6,0) | C54: =VLOOKUP(A54,'Data preparation'!A:K,7,0)
